sku;name;weight;price;category;stock;description;image
8KWYN6U92;Kit Lama Vulcânica La Boue EcoBelle 300g;300g;250.00;Ecobelle;in_stock;;https://images.yampi.me/assets/stores/grupo-ecobelle/uploads/images/kit-lama-vulcanica-la-boue-ecobelle-300g-647a1f77743a3-large.png
YDMYK3MK4;Máscara Líquida Liquid Mask EcoBelle 200 mL;200 mL;109.00;Ecobelle;in_stock;;https://images.yampi.me/assets/stores/grupo-ecobelle/uploads/images/mascara-liquida-liquid-mask-ecobelle-200-ml-66fd5cae45ed1-large.png
NJTFJ9RNF;Perfume Capilar EcoBelle 50 mL;50 mL;94.99;Ecobelle;in_stock;;https://images.yampi.me/assets/stores/grupo-ecobelle/uploads/images/perfume-capilar-ecobelle-50-ml-6927b598619ae-large.png
PM32Q8G3S;Kit Lama Vulcânica La Boue EcoBelle;;500.00;Ecobelle;in_stock;;https://images.yampi.me/assets/stores/grupo-ecobelle/uploads/images/kit-lama-vulcanica-la-boue-ecobelle-647a1eb05cb0c-large.png
HJT8U9H6U;Bye Quebra Eco Belle 250 mL;250 mL;149.00;Ecobelle;in_stock;;https://images.yampi.me/assets/stores/grupo-ecobelle/uploads/images/bye-quebra-eco-belle-250ml-646d15a2abba5-large.png
7XR3P3BXK;Máscara La Boue EcoBelle Dossier Noir 1.2 kg;1.2 kg;320.00;Ecobelle;in_stock;;https://images.yampi.me/assets/stores/grupo-ecobelle/uploads/images/mascara-la-boue-ecobelle-dossier-noir-12-kg-647a22b2c3926-large.png
LWHSMBHAQ;Selante La Boue Mastic Noir Eco Belle 500ml;500ml;100.00;Ecobelle;in_stock;;https://images.yampi.me/assets/stores/grupo-ecobelle/uploads/images/selante-la-boue-mastic-noir-eco-belle-500ml-647a2745d0429-large.png
BJP3XM8ES;Máscara La Boue Eco Belle Dossier Noir 300g;300g;150.00;Ecobelle;in_stock;;https://images.yampi.me/assets/stores/grupo-ecobelle/uploads/images/mascara-la-boue-eco-belle-dossier-noir-300g-647a234b54a25-large.png
56RC8P9G4;Selante La Boue Mastic Noir Eco Belle 300ml;300ml;60.00;Ecobelle;in_stock;;https://images.yampi.me/assets/stores/grupo-ecobelle/uploads/images/selante-la-boue-mastic-noir-eco-belle-300ml-647a2699829b2-large.png
2QSQFLXZ6;Kit doÈden Capim-Limão e Alecrim;;120.00;Ecobelle;in_stock;;https://images.yampi.me/assets/stores/grupo-ecobelle/uploads/images/kit-doeden-capim-limao-alecrim-6479e42ea3cfc-large.png
CW2L93VRJ;Finalizador La Boue Home Care Verte 300ml;300ml;40.00;Ecobelle;in_stock;;https://images.yampi.me/assets/stores/grupo-ecobelle/uploads/images/finalizador-la-boue-home-care-verte-300ml-6479feb6deb3b-large.png
PYL4GGXEC;Shampoo La Boue Home Care Verte 500ml;500ml;80.00;Ecobelle;in_stock;;https://images.yampi.me/assets/stores/grupo-ecobelle/uploads/images/shampoo-la-boue-home-care-verte-300ml-6479fdc9cc66d-large.png
VLL9VL3WH;Condicionador La Boue Home Care Verte 300ml;300ml;40.00;Ecobelle;in_stock;;https://images.yampi.me/assets/stores/grupo-ecobelle/uploads/images/condicionador-la-boue-home-care-verte-300ml-6479fc9f8aff9-large.png
B8SXJ3U53;CRONOGRAMA DA LAMA COMPLETO;;1260.00;Ecobelle;in_stock;;https://images.yampi.me/assets/stores/grupo-ecobelle/uploads/images/cronograma-da-lama-completo-6479eeb60c5e5-large.png
YVGKB834N;ATIVADOR DE CACHOS LUX ECOBELLE 500mL - FORTE;500mL;60.00;Ecobelle;in_stock;;https://images.yampi.me/assets/stores/grupo-ecobelle/uploads/images/ativador-de-cachos-lux-ecobelle-500ml-forte-6a9bfb8a63bee-large.png
ZYUKCQGVL;Selante Capilar La Boue Verte EcoBelle Verte 500ml;500ml;100.00;Ecobelle;in_stock;;https://images.yampi.me/assets/stores/grupo-ecobelle/uploads/images/selante-capilar-la-boue-verte-ecobelle-verte-500ml-647a0016e584e-large.png
KXXWAV2AT;Selante Capilar La Boue Blanc Eco Belle 500ml;500ml;100.00;Ecobelle;in_stock;;https://images.yampi.me/assets/stores/grupo-ecobelle/uploads/images/selante-capilar-la-boue-blanc-eco-belle-500ml-6479f7e7266a2-large.png
QV886TX2F;Kit La Boue Blanc Eco Belle Argila Branca 500ml;500ml;380.00;Ecobelle;in_stock;;https://images.yampi.me/assets/stores/grupo-ecobelle/uploads/images/kit-la-boue-blanc-eco-belle-argila-branca-500ml-6479f62ed6204-large.png
RTPDWV5JL;Coloração Permanente Shine Express 60g - Camuflagem;60g;120.00;Shine Express;in_stock;;https://images.yampi.me/assets/stores/grupo-ecobelle/uploads/images/coloracao-permanente-shine-express-60g-camuflagem-6a0e1eea4400f-large.png
HCNTRBT4Z;MÁSCARA EXTRATOS BELA PRO 1 KG - NOVA EMBALAGEM;1 KG;80.00;Bela Pro;in_stock;;https://images.yampi.me/assets/stores/grupo-ecobelle/uploads/images/mascara-extratos-bela-pro-1-kg-nova-embalagem-6a9bf8f230b4c-large.png
VEHZKS3RJ;Acid Absolut Repair - Acidificante - EcoBelle 500 mL;500 mL;84.90;Ecobelle;in_stock;;https://images.yampi.me/assets/stores/grupo-ecobelle/uploads/images/acid-absolut-repair-acidificante-ecobelle-500-ml-6a6a6190e11d0-large.png
6337X66EK;Dupla Body Splash BelaPro 200 ml;200 ml;65.00;Bela Pro;in_stock;;https://images.yampi.me/assets/stores/grupo-ecobelle/uploads/images/dupla-body-splash-belapro-200-ml-6a4c0c948a07a-large.png
UTW2VYA2G;Body Splash Flor da Noite & Baunilha 200 ml BelaPro;200 ml;35.00;Bela Pro;in_stock;;https://images.yampi.me/assets/stores/grupo-ecobelle/uploads/images/body-splash-flor-da-noite-baunilha-200-ml-belapro-6a4c08966e22d-large.png
UCH7WQRVG;Body Splash Flor de Cerejeira & Pêssego 200 ml BelaPro;200 ml;35.00;Bela Pro;in_stock;;https://images.yampi.me/assets/stores/grupo-ecobelle/uploads/images/body-spash-flor-de-cerejeira-pessego-200-ml-belapro-6a4c06623437c-large.png
DQK7LP4BP;Kit Indústria pra Favela 280 mL;280 mL;17.60;Industria pra favela;in_stock;;https://images.yampi.me/assets/stores/grupo-ecobelle/uploads/images/kit-industria-pra-favela-280-ml-66c6a03f4913f-large.png
DGU9G5RVQ;Shampoo Matizador Eco Belle 300ml;300ml;40.00;Ecobelle;in_stock;;https://images.yampi.me/assets/stores/grupo-ecobelle/uploads/images/shampoo-matizador-eco-belle-300ml-67412d0f82b5a-large.png
YYYS5P629;Kit NutriSim Bela Pro;;133.00;Bela Pro;in_stock;;https://images.yampi.me/assets/stores/grupo-ecobelle/uploads/images/kit-nutrisim-bela-pro-6a6a5d128a78f-large.jpeg
U292SXL8P;Ironed Hair Silver 500g;500g;114.99;Ecobelle;in_stock;;https://images.yampi.me/assets/stores/grupo-ecobelle/uploads/images/ironed-hair-silver-500g-67411caf256a1-large.png
Z3ND3HEVB;Shampoo Coco & Camomila by Vitória Lima EcoBelle - 300 mL;300 mL;35.00;Ecobelle;in_stock;;https://images.yampi.me/assets/stores/grupo-ecobelle/uploads/images/shampoo-coco-camomila-by-vitoria-lima-ecobelle-300-ml-667ac95c76b57-large.png
RAEKECC87;Creme de Pentear/ Leave-in NutriSim Bela Pro 500 mL;500 mL;28.00;Bela Pro;in_stock;;https://images.yampi.me/assets/stores/grupo-ecobelle/uploads/images/creme-de-pentear-leave-in-nutrisim-bela-pro-500-ml-6537379b5b1e3-large.png
ZR936JBFC;Shampoo NutriSim Bela Pro 500 mL;500 mL;28.00;Bela Pro;in_stock;;https://images.yampi.me/assets/stores/grupo-ecobelle/uploads/images/shampoo-nutrisim-bela-pro-500-ml-653735fca65f4-large.png
5CVZ5BS8H;Shampoo e Condicionador Algas Marinhas 1L Eco Belle;1L;70.00;Ecobelle;in_stock;;https://images.yampi.me/assets/stores/grupo-ecobelle/uploads/images/shampoo-e-condicionador-algas-marinhas-1l-eco-belle-6927adec70ee0-large.png
NFHWURMJ4;Kit Indústria pra Favela 800 mL;800 mL;34.99;Industria pra favela;in_stock;;https://images.yampi.me/assets/stores/grupo-ecobelle/uploads/images/kit-industria-pra-favela-800-ml-66c69f3bc524e-large.png
NBABPJVUS;Máscara Efeito Teia EcoBelle 1 kg *NOVA EMBALAGEM*;1 kg;150.00;Ecobelle;in_stock;;https://images.yampi.me/assets/stores/grupo-ecobelle/uploads/images/mascara-efeito-teia-ecobelle-1-kg-nova-embalagem-68d6c2165a988-large.png
FMC93GCXT;Shampoo Liso Mágico Bela Pro 300 mL;300 mL;22.00;Bela Pro;in_stock;;https://images.yampi.me/assets/stores/grupo-ecobelle/uploads/images/shampoo-liso-magico-bela-pro-300-ml-65372e2c85786-large.png
WXM657UMY;Condicionador NutriSim Bela Pro 500 mL;500 mL;28.00;Bela Pro;in_stock;;https://images.yampi.me/assets/stores/grupo-ecobelle/uploads/images/condicionador-nutrisim-bela-pro-500-ml-65373679b86bf-large.png
EHE34PCDP;Shampoo Matizador Eco Belle 1 L - NOVA EMBALAGEM;1 L;120.00;Ecobelle;in_stock;;https://images.yampi.me/assets/stores/grupo-ecobelle/uploads/images/shampoo-matizador-eco-belle-1-l-nova-embalagem-6927aec0d725f-large.png
EF5ASHTNC;Kit Indústria pra Favela 450 mL;450 mL;23.99;Industria pra favela;in_stock;;https://images.yampi.me/assets/stores/grupo-ecobelle/uploads/images/kit-industria-pra-favela-450-ml-66c69ecf1397b-large.png
57DY6ECTU;Condicionador Liso Mágico Bela Pro 300 mL;300 mL;22.00;Bela Pro;in_stock;;https://images.yampi.me/assets/stores/grupo-ecobelle/uploads/images/condicionador-liso-magico-bela-pro-300-ml-65372e9d34eb5-large.png
HR6LKXYGJ;Gran Finale Protetor Térmico Eco Belle - 200 mL;200 mL;80.00;Ecobelle;in_stock;;https://images.yampi.me/assets/stores/grupo-ecobelle/uploads/images/gran-finale-protetor-termico-eco-belle-200-ml-64ef42b2de208-large.png
7SBBKXLX2;Reparador de Pontas Eco Belle 60 mL;60 mL;69.00;Ecobelle;in_stock;;https://images.yampi.me/assets/stores/grupo-ecobelle/uploads/images/reparador-de-pontas-eco-belle-60-ml-650dbfa22de3d-large.png
22TJS8HBH;Condicionador Coco & Camomila by Vitória Lima EcoBelle 300 mL;300 mL;35.00;Ecobelle;in_stock;;https://images.yampi.me/assets/stores/grupo-ecobelle/uploads/images/condicionador-coco-camomila-by-vitoria-lima-ecobelle-300-ml-667ac92af0520-large.png
QG732NABK;Condicionador Matizador Silver Eco Belle 300ml;300ml;40.00;Ecobelle;in_stock;;https://images.yampi.me/assets/stores/grupo-ecobelle/uploads/images/condicionador-matizador-silver-eco-belle-300ml-674125986d4d4-large.png
PMNPTTBYM;Shampoo Pimenta Rosa Eco Belle 300 mL;300 mL;35.00;Ecobelle;in_stock;;https://images.yampi.me/assets/stores/grupo-ecobelle/uploads/images/shampoo-pimenta-rosa-eco-belle-300-ml-64ef8d6bc5337-large.png
ASUE5CZGP;Shampoo HidraSim Bela Pro 500 mL;500 mL;28.00;Bela Pro;in_stock;;https://images.yampi.me/assets/stores/grupo-ecobelle/uploads/images/shampoo-hidrasim-bela-pro-500-ml-653739b5aba20-large.png
P2M2DEK4D;Condicionador Matizador Eco Belle 1 L - NOVA EMBALAGEM;1 L;120.00;Ecobelle;in_stock;;https://images.yampi.me/assets/stores/grupo-ecobelle/uploads/images/condicionador-matizador-eco-belle-1-l-nova-embalagem-6927af3258c88-large.png
CSH5ETU2N;Máscara Coco & Camomila by Vitória Lima EcoBelle 250g;250g;50.00;Ecobelle;in_stock;;https://images.yampi.me/assets/stores/grupo-ecobelle/uploads/images/mascara-coco-camomila-by-vitoria-lima-ecobelle-250g-667ac429c4e0b-large.png
YAY98Z8BS;Shampoo Remineralizante Extrato de Algas Marinhas Eco Belle 1 L;1 L;34.99;Ecobelle;in_stock;;https://images.yampi.me/assets/stores/grupo-ecobelle/uploads/images/shampoo-remineralizante-extrato-de-algas-marinhas-eco-belle-1-l-65faebd9b4e35-large.png
GVBJKMNWQ;Emulsão Cremosa Oxidante OX20 Volumes EcoBelle 900 mL;900 mL;32.00;Ecobelle;in_stock;;https://images.yampi.me/assets/stores/grupo-ecobelle/uploads/images/emulsao-cremosa-oxidante-ox20-volumes-ecobelle-900-ml-6927b05aad6c2-large.png
3FLD4KJBC;Máscara Ironed Hair 500g;500g;94.99;Ecobelle;in_stock;;https://images.yampi.me/assets/stores/grupo-ecobelle/uploads/images/mascara-ironed-hair-500g-674123a094cdc-large.png
3L54PF3E4;Kit Manutenção Lama La Boue EcoBelle 300ml - 3 Itens;300ml;120.00;Ecobelle;in_stock;;https://images.yampi.me/assets/stores/grupo-ecobelle/uploads/images/kit-manutencao-lama-la-boue-ecobelle-300ml-3-itens-64f20fda924c9-large.png
49DXSAXM5;Máscara Pimenta Rosa Eco Belle 250 g;250 g;50.00;Ecobelle;in_stock;;https://images.yampi.me/assets/stores/grupo-ecobelle/uploads/images/mascara-pimenta-rosa-eco-belle-250-g-64ef8eaa287f7-large.png
ULQHGSVA7;Shampoo Leite de Coco EcoBelle 2,5 L;2,5 L;110.00;Ecobelle;in_stock;;https://images.yampi.me/assets/stores/grupo-ecobelle/uploads/images/shampoo-ecobelle-25-l-64f2156968b67-large.png
7TNHTQDUL;Kit Curlys Cachos Bela Pro;;80.00;Bela Pro;in_stock;;https://images.yampi.me/assets/stores/grupo-ecobelle/uploads/images/kit-curlys-cachos-bela-pro-66c69c30593a1-large.png
EJL97KLUE;Óleo de Argan EcoBelle 60 mL;60 mL;69.00;Ecobelle;in_stock;;https://images.yampi.me/assets/stores/grupo-ecobelle/uploads/images/oleo-de-argan-ecobelle-60-ml-6669cd45b4fdb-large.png
RJZSGEAVY;Finalizador Térmico Coco & Camomila By Vitória Lima 200 mL;200 mL;80.00;Ecobelle;in_stock;;https://images.yampi.me/assets/stores/grupo-ecobelle/uploads/images/finalizador-termico-coco-camomila-by-vitoria-lima-200-ml-667c4d7031e63-large.png
5TSEQNH4V;Máscara Matizadora Silver EcoBelle 300g;300g;50.00;Ecobelle;in_stock;;https://images.yampi.me/assets/stores/grupo-ecobelle/uploads/images/mascara-matizadora-silver-ecobelle-300g-647a24e908e55-large.png
6LFK8W4AH;Shampoo Quartzo Liquide La Boue EcoBelle 300ml;300ml;40.00;Ecobelle;in_stock;;https://images.yampi.me/assets/stores/grupo-ecobelle/uploads/images/shampoo-quartzo-liquide-la-boue-ecobelle-300ml-647a290bac5e1-large.png
ELGU4ASKD;Shampoo Quartzo Liquide La Boue EcoBelle 500ml;500ml;80.00;Ecobelle;in_stock;;https://images.yampi.me/assets/stores/grupo-ecobelle/uploads/images/shampoo-quartzo-liquide-la-boue-ecobelle-500ml-647a297794663-large.png
AYE76QWA3;Gran Finale Blond Protetor Térmico Eco Belle - 200 mL;200 mL;80.00;Ecobelle;in_stock;;https://images.yampi.me/assets/stores/grupo-ecobelle/uploads/images/gran-finale-blond-protetor-termico-eco-belle-200-ml-64ef7eb8006b0-large.png
KSD694YBA;Óleo de Ojon EcoBelle 60 mL;60 mL;69.00;Ecobelle;in_stock;;https://images.yampi.me/assets/stores/grupo-ecobelle/uploads/images/oleo-de-ojon-ecobelle-60-ml-650dc4147e0dd-large.png
W35UTMS43;Shampoo Curlys Cachos Bela Pro 300 mL;300 mL;22.00;Bela Pro;in_stock;;https://images.yampi.me/assets/stores/grupo-ecobelle/uploads/images/shampoo-curlys-cachos-bela-pro-300-ml-653725d249142-large.png
Y6H5QMT4P;Condicionador Curlys Cachos Bela Pro 300 mL;300 mL;22.00;Bela Pro;in_stock;;https://images.yampi.me/assets/stores/grupo-ecobelle/uploads/images/condicionador-curlys-cachos-bela-pro-300-ml-653727380b1a3-large.png
KRHCCVSJL;Kit Silver Platinum Bela Pro;;90.00;Bela Pro;in_stock;;https://images.yampi.me/assets/stores/grupo-ecobelle/uploads/images/kit-silver-platinum-bela-pro-66c69cdc562cf-large.png
TJFJENBKK;Máscara HidraSim Bela Pro 300 g;300 g;36.00;Bela Pro;in_stock;;https://images.yampi.me/assets/stores/grupo-ecobelle/uploads/images/mascara-hidrasim-bela-pro-300-g-65373a7bc11d5-large.png
5CHY7ST96;Kit Shampoo e Condicionador TEA by As Marias 500 mL;500 mL;42.10;Ecobelle;in_stock;;https://images.yampi.me/assets/stores/grupo-ecobelle/uploads/images/kit-shampoo-e-condicionador-tea-by-as-marias-500-ml-67d4a6218337c-large.png
8MBYSWDEF;Máscara Matizadora EcoBelle 1 kg;1 kg;140.00;Ecobelle;in_stock;;https://images.yampi.me/assets/stores/grupo-ecobelle/uploads/images/mascara-matizadora-ecobelle-1-kg-66ffeae1ef321-large.png
BPBFTQ6K6;Pó Descolorante White 500 g;500 g;105.00;Ecobelle;in_stock;;https://images.yampi.me/assets/stores/grupo-ecobelle/uploads/images/po-descolorante-white-500-g-646d08105d7c4-large.png
Y8D5NM7GM;Shampoo EcoBarber 800 mL;800 mL;35.00;Ecobelle;in_stock;;https://images.yampi.me/assets/stores/grupo-ecobelle/uploads/images/shampoo-ecobarber-1l-646d099c6ed39-large.png
LEFGGCD59;Shampoo e Condicionador EcoBarber 800 mL;800 mL;70.00;Ecobelle;in_stock;;https://images.yampi.me/assets/stores/grupo-ecobelle/uploads/images/shampoo-e-condicionador-ecobarber-1l-646d0a3a0ae2a-large.png
K6ND8CCHN;Gloss Finalizador La Boue Home Care Blanc 300ml;300ml;40.00;Ecobelle;in_stock;;https://images.yampi.me/assets/stores/grupo-ecobelle/uploads/images/gloss-finalizador-la-boue-home-care-blanc-300ml-6479f43ac76d2-large.png
Z87QB9DAE;Kit Matizador Silver EcoBelle 300ml - 3 Itens;300ml;130.00;Ecobelle;in_stock;;https://images.yampi.me/assets/stores/grupo-ecobelle/uploads/images/kit-manutencao-home-care-silver-ecobelle-300ml-3-itens-67412ba3969a3-large.png
ZXQDEUV8V;Kit Pimenta Rosa Eco Belle;;120.00;Ecobelle;in_stock;;https://images.yampi.me/assets/stores/grupo-ecobelle/uploads/images/kit-pimenta-rosa-eco-belle-64ef8bb1e85f1-large.png
THQ44H5B8;Shampoo doÈden Capim-Limão e Alecrim 300 mL;300 mL;35.00;Ecobelle;in_stock;;https://images.yampi.me/assets/stores/grupo-ecobelle/uploads/images/shampoo-doeden-capim-limao-alecrim-300-ml-64ef9399b1302-large.png
X3DYUC6EA;Máscara doÈden Capim-Limão e Alecrim 250 g;250 g;50.00;Ecobelle;in_stock;;https://images.yampi.me/assets/stores/grupo-ecobelle/uploads/images/mascara-doeden-capim-limao-alecrim-250-g-64ef961308e96-large.png
8AJ7SPN32;Recondicionador Manutenção Lama La Boue EcoBelle 300 mL;300 mL;40.00;Ecobelle;in_stock;;https://images.yampi.me/assets/stores/grupo-ecobelle/uploads/images/recondicionador-manutencao-lama-la-boue-ecobelle-300-ml-6927b2d5f392f-large.png
WBZA7Q6LP;Máscara Reestruturadora EcoBelle 2 kg;2 kg;150.00;Ecobelle;in_stock;;https://images.yampi.me/assets/stores/grupo-ecobelle/uploads/images/mascara-reestruturadora-ecobelle-2-kg-64f2132cc36ca-large.png
5F5NZ9HN9;Máscara Curlys Cachos Bela Pro 300 g;300 g;36.00;Bela Pro;in_stock;;https://images.yampi.me/assets/stores/grupo-ecobelle/uploads/images/mascara-curlys-cachos-bela-pro-300-g-653728639b65d-large.png
JKHS7FKJ9;Reparador de Pontas Coco & Camomila By Vitória Lima 60 mL;60 mL;69.00;Ecobelle;in_stock;;https://images.yampi.me/assets/stores/grupo-ecobelle/uploads/images/reparador-de-pontas-coco-camomila-by-vitoria-lima-60-ml-667c4fc05a4cb-large.png
2XFPQEJHA;Condicionador Leite de Coco 2,5 L;2,5 L;110.00;Ecobelle;in_stock;;https://images.yampi.me/assets/stores/grupo-ecobelle/uploads/images/condicionador-leite-de-coco-25-l-6927b1be7296e-large.png
Q8ELXT62T;Ampolaço NutriSim BelaPro 45 mL;45 mL;13.14;Bela Pro;in_stock;;https://images.yampi.me/assets/stores/grupo-ecobelle/uploads/images/ampolaco-nutrisim-belapro-450-ml-6a6a59c4e9d41-large.png
KX3FZGXKV;Emulsão Cremosa Oxidante OX30 Volumes EcoBelle 900 mL;900 mL;32.00;Ecobelle;in_stock;;https://images.yampi.me/assets/stores/grupo-ecobelle/uploads/images/emulsao-cremosa-ox-30-volumes-eco-belle-900-ml-64f205ce1ecc8-large.png
3VQF4SU8K;Kit Protetor de Descoloração Eco Plex 2 Passos 300 ml;300 ml;210.00;Ecobelle;in_stock;;https://images.yampi.me/assets/stores/grupo-ecobelle/uploads/images/kit-protetor-de-descoloracao-eco-plex-2-passos-300-ml-6927aff0914bb-large.png
25VPFV8HP;Ampola Semi Di Lino 15mL (4 UNIDADES);15mL;49.20;Ecobelle;in_stock;;https://images.yampi.me/assets/stores/grupo-ecobelle/uploads/images/ampola-semi-di-lino-15ml-4-unidades-646d0ce1f27ef-large.png
8YHKWEN8R;Condicionador La boue Home Care Blanc 300ml;300ml;40.00;Ecobelle;in_stock;;https://images.yampi.me/assets/stores/grupo-ecobelle/uploads/images/condicionador-la-boue-home-care-blanc-300ml-6479f3683916e-large.png
5CLM83ZE4;Shampoo La boue Home Care Blanc 300ml;300ml;40.00;Ecobelle;in_stock;;https://images.yampi.me/assets/stores/grupo-ecobelle/uploads/images/shampoo-la-boue-home-care-blanc-300ml-6479f9d45315f-large.png
9UV5KU3QQ;Máscara de Tratamento La Boue Verte EcoBelle 500ml;500ml;200.00;Ecobelle;in_stock;;https://images.yampi.me/assets/stores/grupo-ecobelle/uploads/images/mascara-de-tratamento-la-boue-vert-ecobelle-500ml-647a0104c6827-large.png
9YJ4AHVMU;Kit La Boue Verte Home Care 3 Itens;;120.00;Ecobelle;in_stock;;https://images.yampi.me/assets/stores/grupo-ecobelle/uploads/images/kit-la-boue-verte-home-care-3-itens-647a01b4e038b-large.png
V58UBR2JL;Condicionador Pimenta Rosa Eco Belle 300 mL;300 mL;35.00;Ecobelle;in_stock;;https://images.yampi.me/assets/stores/grupo-ecobelle/uploads/images/condicionador-pimenta-rosa-eco-belle-300-ml-64ef8e1f89285-large.png
E35TQSMD8;Shampoo Manutenção Lama La Boue EcoBelle 300 mL;300 mL;40.00;Ecobelle;in_stock;;https://images.yampi.me/assets/stores/grupo-ecobelle/uploads/images/shampoo-manutencao-lama-la-boue-ecobelle-300-ml-6927b291331e6-large.png
ELVY4XSSY;Loção Noturna Manutenção Lama La Boue EcoBelle 300 mL;300 mL;40.00;Ecobelle;in_stock;;https://images.yampi.me/assets/stores/grupo-ecobelle/uploads/images/locao-noturna-manutencao-lama-la-boue-ecobelle-300-ml-6927b31a76b00-large.png
ZHX85TBZS;Máscara Silver Platinum Bela Pro 300 g;300 g;40.00;Bela Pro;in_stock;;https://images.yampi.me/assets/stores/grupo-ecobelle/uploads/images/mascara-silver-platinum-bela-pro-300-g-653733904fd23-large.png
V4M66277J;Máscara NutriSim Bela Pro 300 g;300 g;36.00;Bela Pro;in_stock;;https://images.yampi.me/assets/stores/grupo-ecobelle/uploads/images/mascara-nutrisim-bela-pro-300-g-653736f43e10a-large.png
XFGMQY4RW;Condicionador HidraSim Bela Pro 500 mL;500 mL;28.00;Bela Pro;in_stock;;https://images.yampi.me/assets/stores/grupo-ecobelle/uploads/images/condicionador-hidrasim-bela-pro-500-ml-65373a203c4aa-large.png
ZKDQ2Y47Q;Sérum HidraSim Bela Pro 60 mL;60 mL;45.90;Bela Pro;in_stock;;https://images.yampi.me/assets/stores/grupo-ecobelle/uploads/images/serum-hidrasim-bela-pro-60-ml-65373b13d9e71-large.png
HZMGEJ3T4;Queratina em Gel Keracap EcoBelle 120 mL;120 mL;41.99;Ecobelle;in_stock;;https://images.yampi.me/assets/stores/grupo-ecobelle/uploads/images/queratina-em-gel-keracap-ecobelle-120-ml-6927a82953c3f-large.png
75DJZXWT5;Shampoo Galão Queratina EcoBelle 5L;5L;120.00;Ecobelle;in_stock;;https://images.yampi.me/assets/stores/grupo-ecobelle/uploads/images/shampoo-galao-queratina-ecobelle-5l-6927aaf1afba8-large.png
63KEV2FBA;Recondicionador Galão EcoBelle 5L;5L;120.00;Ecobelle;in_stock;;https://images.yampi.me/assets/stores/grupo-ecobelle/uploads/images/recondicionador-galao-ecobelle-5l-6927ac60325d3-large.png
LJNMFY4VX;Condicionador Extrato de Algas Marinhas Eco Belle 1 L;1 L;34.99;Ecobelle;in_stock;;https://images.yampi.me/assets/stores/grupo-ecobelle/uploads/images/condicionador-extrato-de-algas-marinhas-eco-belle-1-l-65faedce4c2fc-large.png
3KYSCLPBF;Emulsão Cremosa Oxidante OX10 Volumes EcoBelle 900 mL;900 mL;32.00;Ecobelle;in_stock;;https://images.yampi.me/assets/stores/grupo-ecobelle/uploads/images/emulsao-cremosa-oxidante-ox10-volumes-ecobelle-900-ml-67411a0d22bbe-large.png
Q4GBW4NRR;Emulsão Cremosa Oxidante OX40 Volumes EcoBelle 900 mL;900 mL;32.00;Ecobelle;in_stock;;https://images.yampi.me/assets/stores/grupo-ecobelle/uploads/images/emulsao-cremosa-ox-40-volumes-eco-belle-900-ml-64f2086601e8c-large.png
7HRBA34L7;Pó Descolorante Capilar Blue EcoBelle 500g;500g;105.00;Ecobelle;in_stock;;https://images.yampi.me/assets/stores/grupo-ecobelle/uploads/images/po-descolorante-capilar-profissional-eco-belle-500g-646d07a1b283e-large.png
HRYL6GJ66;Condicionador EcoBarber 800 mL;800 mL;35.00;Ecobelle;in_stock;;https://images.yampi.me/assets/stores/grupo-ecobelle/uploads/images/condicionador-ecobarber-1l-646d091943673-large.png
YCP5J38EF;Shampoo Quartzo La Boue Branc com Avelã Eco Belle 500 ml;500 ml;80.00;Ecobelle;in_stock;;https://images.yampi.me/assets/stores/grupo-ecobelle/uploads/images/shampoo-quartzo-la-boue-branc-com-avela-eco-belle-500-ml-6479f5304400a-large.png
DVQRLRWYY;Máscara de Tratamento La Boue Blanc EcoBelle 500ml;500ml;200.00;Ecobelle;in_stock;;https://images.yampi.me/assets/stores/grupo-ecobelle/uploads/images/mascara-de-tratamento-la-boue-blanc-ecobelle-500ml-6479f8ff1c5a8-large.png
PML3C9J4M;Kit La Boue Blanc Home Care 3 Itens;;120.00;Ecobelle;in_stock;;https://images.yampi.me/assets/stores/grupo-ecobelle/uploads/images/kit-la-boue-blanc-home-care-3-itens-6479fa8b93395-large.png
9FNYY9DS2;Kit La Boue Verte EcoBelle 500ml;500ml;380.00;Ecobelle;in_stock;;https://images.yampi.me/assets/stores/grupo-ecobelle/uploads/images/kit-la-boue-verte-ecobelle-500ml-6479ff54d628c-large.png
HP9LFWALK;Condicionador doÈden Capim-Limão e Alecrim 300 mL;300 mL;35.00;Ecobelle;in_stock;;https://images.yampi.me/assets/stores/grupo-ecobelle/uploads/images/condicionador-doeden-capim-limao-alecrim-300-ml-64ef94abee37f-large.png
JYQAJ9FDQ;Emulsão Cremosa Oxidante OX05 Volumes EcoBelle 900 mL;900 mL;32.00;Ecobelle;in_stock;;https://images.yampi.me/assets/stores/grupo-ecobelle/uploads/images/emulsao-cremosa-ox-05-volumes-eco-belle-900-ml-64f209e678dec-large.png
P3SMM9FXM;Máscara Liso Mágico Bela Pro 300 g;300 g;36.00;Bela Pro;in_stock;;https://images.yampi.me/assets/stores/grupo-ecobelle/uploads/images/mascara-liso-magico-bela-pro-300-g-65372f05f1a7c-large.png
LPGSTQBW8;Kit HidraSim Bela Pro;;137.90;Bela Pro;in_stock;;https://images.yampi.me/assets/stores/grupo-ecobelle/uploads/images/kit-hidrasim-bela-pro-66c69d55659b2-large.png
3SSKRFEP5;Kit Coco & Camomila by Vitória Lima EcoBelle - 300 mL;300 mL;269.00;Ecobelle;in_stock;;https://images.yampi.me/assets/stores/grupo-ecobelle/uploads/images/kit-coco-camomila-by-vitoria-lima-ecobelle-300-ml-66cf3cd879731-large.png
P7VJ56493;Óleo de Ojon EcoBelle 7 mL;7 mL;12.98;Ecobelle;in_stock;;https://images.yampi.me/assets/stores/grupo-ecobelle/uploads/images/oleo-de-ojon-ecobelle-7-ml-6927aa0e8a72d-large.png
LUQME5K72;Shampoo Galão Remineralizante EcoBelle 5L;5L;120.00;Ecobelle;in_stock;;https://images.yampi.me/assets/stores/grupo-ecobelle/uploads/images/shampoo-galao-remineralizante-ecobelle-5l-6927abbc1e206-large.png
QL837JGAJ;Sérum facial Luminilift Niacinamida EcoBelle Skin 30 ml;30 ml;129.00;EcoBelle Skin;in_stock;;https://images.yampi.me/assets/stores/grupo-ecobelle/uploads/images/serum-facial-luminilift-niacinamida-ecobelle-skin-30-ml-6a0e0a2144630-large.png
J9YY6SF7W;Creme esfoliante Luminilifit com Niacinamida e Alpha Arbutin EcoBelle Skin 250g;250g;49.90;EcoBelle Skin;in_stock;;https://images.yampi.me/assets/stores/grupo-ecobelle/uploads/images/creme-esfoliante-luminilifit-com-niacinamida-e-alpha-arbutin-ecobelle-skin-250g-6a0e12317b9e8-large.png
2KX6UEZPA,W5C2TV75D;Oxidante Cremoso - OX 05 Vol - Shine Express;;47.00;Shine Express;in_stock;;https://images.yampi.me/assets/stores/grupo-ecobelle/uploads/images/oxidante-cremoso-ox-05-vol-shine-express-900-ml-6a0e231aee541-large.png
XU2KNTS48;Kit Experiência Shine Express - 1 coloração + 1 Ox 05 vol. 90ml;90ml;136.90;Shine Express;in_stock;;https://images.yampi.me/assets/stores/grupo-ecobelle/uploads/images/kit-experiencia-shine-express-1-coloracao-1-ox-05-vol-90ml-6a0e2814d77a6-large.jpeg
